{
  "systems": {
    "github_llama.cpp": 2,
    "github_llama.cpp_last": 1773057845.196502,
    "grok_base": 53,
    "grok_base_last": 1773205314.129269,
    "github_transformers": 2,
    "github_transformers_last": 1773057845.19697,
    "gpt_base": 46,
    "gpt_base_last": 1773200511.608265,
    "dmai_core": 54,
    "dmai_core_last": 1773205328.147847,
    "deepseek_base": 54,
    "deepseek_base_last": 1773205328.147274,
    "claude_base": 51,
    "claude_base_last": 1773204949.044931,
    "claude_base_gen25": 29,
    "claude_base_gen25_last": 1773058537.395053,
    "grok_base_gen2": 3,
    "grok_base_gen2_last": 1773058234.34638,
    "github_llama.cpp_gen2": 28,
    "github_llama.cpp_gen2_last": 1773058379.480588,
    "grok_base_gen26": 36,
    "grok_base_gen26_last": 1773204353.318911,
    "claude_base_gen25_gen26": 2,
    "claude_base_gen25_gen26_last": 1773058334.977048,
    "grok_base_gen26_gen27": 43,
    "grok_base_gen26_gen27_last": 1773204949.044001,
    "gpt_base_gen27": 4,
    "gpt_base_gen27_last": 1773058379.480204,
    "deepseek_base_gen26": 29,
    "deepseek_base_gen26_last": 1773058537.395765,
    "dmai_core_gen25": 3,
    "dmai_core_gen25_last": 1773061237.827402,
    "grok_base_gen3": 35,
    "grok_base_gen3_last": 1773065496.666169,
    "gpt_base_gen28": 30,
    "gpt_base_gen28_last": 1773059437.57838,
    "github_llama.cpp_gen2_gen26": 40,
    "github_llama.cpp_gen2_gen26_last": 1773088787.400402,
    "dmai_core_gen26": 35,
    "dmai_core_gen26_last": 1773070093.429516,
    "gpt_base_gen27_gen4": 3,
    "gpt_base_gen27_gen4_last": 1773063038.037018,
    "grok_base_gen2_gen3": 31,
    "grok_base_gen2_gen3_last": 1773061237.826048,
    "dmai_core_gen29": 3,
    "dmai_core_gen29_last": 1773061237.827254,
    "deepseek_base_gen27": 32,
    "deepseek_base_gen27_last": 1773063038.03597,
    "gpt_base_gen28_gen30": 3,
    "gpt_base_gen28_gen30_last": 1773063038.037253,
    "dmai_core_gen25_gen28": 33,
    "dmai_core_gen25_gen28_last": 1773064838.295483,
    "gpt_base_gen27_gen4_gen3": 33,
    "gpt_base_gen27_gen4_gen3_last": 1773064838.296157,
    "github_llama.cpp_gen2_gen28": 39,
    "github_llama.cpp_gen2_gen28_last": 1773115229.079912,
    "grok_base_gen3_gen2": 2,
    "grok_base_gen3_gen2_last": 1773065320.428358,
    "gpt_base_gen32": 39,
    "gpt_base_gen32_last": 1773204949.044483,
    "gpt_base_gen28_gen30_gen3": 28,
    "gpt_base_gen28_gen30_gen3_last": 1773065496.666626,
    "grok_base_gen26_gen27_gen28": 39,
    "grok_base_gen26_gen27_gen28_last": 1773075854.22132,
    "dmai_core_gen32": 38,
    "dmai_core_gen32_last": 1773204346.641382,
    "claude_base_gen27": 2,
    "claude_base_gen27_last": 1773067296.933776,
    "claude_base_gen27_gen2": 37,
    "claude_base_gen27_gen2_last": 1773070093.428887,
    "deepseek_base_gen28": 36,
    "deepseek_base_gen28_last": 1773072973.827677,
    "dmai_core_gen39": 42,
    "dmai_core_gen39_last": 1773123870.318229,
    "grok_base_gen31": 39,
    "grok_base_gen31_last": 1773112348.437029,
    "deepseek_base_gen28_gen36": 38,
    "deepseek_base_gen28_gen36_last": 1773112348.437913,
    "dmai_core_gen30": 2,
    "dmai_core_gen30_last": 1773115229.08188,
    "claude_base_gen26": 2,
    "claude_base_gen26_last": 1773115229.083092,
    "grok_base_gen39": 43,
    "grok_base_gen39_last": 1773118109.487348,
    "dmai_core_gen40": 36,
    "dmai_core_gen40_last": 1773118109.488083,
    "dmai_core_gen33": 2,
    "dmai_core_gen33_last": 1773118109.493382,
    "grok_base_gen26_gen27_gen28_gen38": 2,
    "grok_base_gen26_gen27_gen28_gen38_last": 1773118109.493657,
    "deepseek_base_gen42": 44,
    "deepseek_base_gen42_last": 1773120989.851031,
    "grok_base_gen26_gen27_gen28_gen36": 44,
    "grok_base_gen26_gen27_gen28_gen36_last": 1773120989.85197,
    "claude_base_gen37": 45,
    "claude_base_gen37_last": 1773123870.317132,
    "grok_base_gen29": 45,
    "grok_base_gen29_last": 1773123870.317811,
    "dmai_core_gen38": 38,
    "dmai_core_gen38_last": 1773200511.608885,
    "grok_base_gen26_gen27_gen28_gen36_gen44": 46,
    "grok_base_gen26_gen27_gen28_gen36_gen44_last": 1773200511.608424,
    "arxiv_2603.09970v1": 46,
    "arxiv_2603.09970v1_last": 1773204346.635898,
    "arxiv_2603.09957v1": 38,
    "arxiv_2603.09957v1_last": 1773204346.640144,
    "gpt_base_gen45": 48,
    "gpt_base_gen45_last": 1773205328.146155,
    "arxiv_2603.09964v1": 36,
    "arxiv_2603.09964v1_last": 1773204353.31875,
    "arxiv_2603.09974v1": 2,
    "arxiv_2603.09974v1_last": 1773204353.319254,
    "deepseek_base_gen42_gen44": 2,
    "deepseek_base_gen42_gen44_last": 1773204353.319407,
    "dmai_core_gen45": 48,
    "dmai_core_gen45_last": 1773204353.320272,
    "github_memodb-io_memobase": 2,
    "github_memodb-io_memobase_last": 1773204641.890698,
    "deepseek_base_gen25": 2,
    "deepseek_base_gen25_last": 1773204641.890853,
    "arxiv_2603.09972v1": 2,
    "arxiv_2603.09972v1_last": 1773204641.891195,
    "dmai_core_gen27": 2,
    "dmai_core_gen27_last": 1773204641.891338,
    "dmai_core_gen45_gen48": 49,
    "dmai_core_gen45_gen48_last": 1773204641.892149,
    "github_aiming-lab_SimpleMem": 2,
    "github_aiming-lab_SimpleMem_last": 1773204655.877596,
    "dmai_core_gen32_gen38": 2,
    "dmai_core_gen32_gen38_last": 1773204655.87785,
    "github_qdrant_fastembed": 50,
    "github_qdrant_fastembed_last": 1773204655.878297,
    "gpt_base_gen32_gen38": 50,
    "gpt_base_gen32_gen38_last": 1773204655.879589,
    "github_VectifyAI_PageIndex": 43,
    "github_VectifyAI_PageIndex_last": 1773204949.04378,
    "github_airweave-ai_airweave": 39,
    "github_airweave-ai_airweave_last": 1773204949.044341,
    "dmai_core_gen31": 51,
    "dmai_core_gen31_last": 1773204949.045322,
    "github_OpenBB-finance_OpenBB": 2,
    "github_OpenBB-finance_OpenBB_last": 1773204963.058333,
    "dmai_core_gen32_gen38_gen2": 2,
    "dmai_core_gen32_gen38_gen2_last": 1773204963.05849,
    "github_microsoft_AI-For-Beginners": 2,
    "github_microsoft_AI-For-Beginners_last": 1773204963.05887,
    "arxiv_2603.09970v1_gen46": 2,
    "arxiv_2603.09970v1_gen46_last": 1773204963.059019,
    "grok_base_gen26_gen34": 52,
    "grok_base_gen26_gen34_last": 1773204963.060024,
    "github_rasbt_LLMs-from-scratch": 2,
    "github_rasbt_LLMs-from-scratch_last": 1773205314.12807,
    "dmai_core_gen39_gen42": 2,
    "dmai_core_gen39_gen42_last": 1773205314.128215,
    "github_netdata_netdata": 2,
    "github_netdata_netdata_last": 1773205314.128574,
    "gpt_base_gen45_gen47": 2,
    "gpt_base_gen45_gen47_last": 1773205314.128752,
    "dmai_core_gen46": 53,
    "dmai_core_gen46_last": 1773205314.129777,
    "github_RelevanceAI_vectorhub": 48,
    "github_RelevanceAI_vectorhub_last": 1773205328.145989,
    "github_f_prompts.chat": 2,
    "github_f_prompts.chat_last": 1773205328.146572,
    "dmai_core_gen45_gen48_gen49": 2,
    "dmai_core_gen45_gen48_gen49_last": 1773205328.146736,
    "gpt_base_gen46": 54,
    "gpt_base_gen46_last": 1773205328.147998
  },
  "external_seen": [
    "llama.cpp",
    "transformers",
    "diffusers",
    "arxiv_2603.09970v1",
    "arxiv_2603.09957v1",
    "arxiv_2603.09964v1",
    "arxiv_2603.09974v1",
    "github_memodb-io_memobase",
    "arxiv_2603.09972v1",
    "github_aiming-lab_SimpleMem",
    "github_qdrant_fastembed",
    "github_VectifyAI_PageIndex",
    "github_airweave-ai_airweave",
    "github_OpenBB-finance_OpenBB",
    "github_microsoft_AI-For-Beginners",
    "github_rasbt_LLMs-from-scratch",
    "github_netdata_netdata",
    "github_RelevanceAI_vectorhub",
    "github_f_prompts.chat"
  ],
  "evolution_history": []
}