{
  "timestamp": 1772906156.997251,
  "best_score": 45.16177857496869,
  "avg_score": 29.81517317757436,
  "matched_style": "question",
  "threshold_met": false
}